author_id,name,email,avatar
1,Hana Kiloh,hkiloh0@e-recht24.de,https://robohash.org/sedquiomnis.png?size=50x50&set=set1
2,Cortie Attride,cattride1@miitbeian.gov.cn,https://robohash.org/laboreetfacilis.png?size=50x50&set=set1
3,Siegfried Covell,scovell2@studiopress.com,https://robohash.org/nemoquivelit.png?size=50x50&set=set1
4,Donnell Ditt,dditt3@godaddy.com,https://robohash.org/autconsequunturofficia.png?size=50x50&set=set1
5,Shermie Welford,swelford4@nyu.edu,https://robohash.org/delectusnesciuntea.png?size=50x50&set=set1
6,Aileen Gatheridge,agatheridge5@umich.edu,https://robohash.org/suscipitexercitationemlaboriosam.png?size=50x50&set=set1
7,Fania Van Eeden,fvan6@symantec.com,https://robohash.org/omnisquiaaccusamus.png?size=50x50&set=set1
8,Valeda Blackaller,vblackaller7@tinyurl.com,https://robohash.org/minusautfuga.png?size=50x50&set=set1
9,Matthias Beddow,mbeddow8@php.net,https://robohash.org/natusadipiscieum.png?size=50x50&set=set1
10,Riane McLugaish,rmclugaish9@tinypic.com,https://robohash.org/nesciuntsimiliquequae.png?size=50x50&set=set1
11,Billi Alldis,balldisa@last.fm,https://robohash.org/quosautsunt.png?size=50x50&set=set1
12,Caroline Smewin,csmewinb@odnoklassniki.ru,https://robohash.org/delenitiasperiorespossimus.png?size=50x50&set=set1
13,Elladine Dragoe,edragoec@cargocollective.com,https://robohash.org/etutet.png?size=50x50&set=set1
14,Malina Gawkes,mgawkesd@comsenz.com,https://robohash.org/sunteosporro.png?size=50x50&set=set1
15,Mae Prickett,mprickette@netlog.com,https://robohash.org/accusantiumetexplicabo.png?size=50x50&set=set1
16,Felizio Heustice,fheusticef@cbc.ca,https://robohash.org/saepeautvoluptatibus.png?size=50x50&set=set1
17,Augie Broxton,abroxtong@csmonitor.com,https://robohash.org/aliquamprovidentnihil.png?size=50x50&set=set1
18,Otis MacNaughton,omacnaughtonh@rakuten.co.jp,https://robohash.org/enimfacerenobis.png?size=50x50&set=set1
19,Gifford Fripps,gfrippsi@stumbleupon.com,https://robohash.org/doloremeosquia.png?size=50x50&set=set1
20,Bettina Woolard,bwoolardj@purevolume.com,https://robohash.org/voluptatemaliquameveniet.png?size=50x50&set=set1
21,Lynn Downe,ldownek@mlb.com,https://robohash.org/rerumnihilquisquam.png?size=50x50&set=set1
22,Larina Delatour,ldelatourl@plala.or.jp,https://robohash.org/veritatisdeleniticonsequatur.png?size=50x50&set=set1
23,Margette Jodlowski,mjodlowskim@sohu.com,https://robohash.org/quoducimusquasi.png?size=50x50&set=set1
24,Dorothea Josskoviz,djosskovizn@msu.edu,https://robohash.org/voluptatemnamtemporibus.png?size=50x50&set=set1
25,Dedie Jahner,djahnero@squarespace.com,https://robohash.org/eaaccusamustempora.png?size=50x50&set=set1
26,Regan Le Noury,rlep@intel.com,https://robohash.org/iustoaspernaturet.png?size=50x50&set=set1
27,Mata Piller,mpillerq@google.co.uk,https://robohash.org/optioquosporro.png?size=50x50&set=set1
28,Livvie Santino,lsantinor@zimbio.com,https://robohash.org/eumutipsum.png?size=50x50&set=set1
29,Luciana Vallerine,lvallerines@gizmodo.com,https://robohash.org/idrema.png?size=50x50&set=set1
30,Colet Filisov,cfilisovt@washingtonpost.com,https://robohash.org/molestiaeutquasi.png?size=50x50&set=set1
31,Derick Oxtaby,doxtabyu@cornell.edu,https://robohash.org/deseruntdelenitisuscipit.png?size=50x50&set=set1
32,Hinze Shark,hsharkv@altervista.org,https://robohash.org/faceredoloremtenetur.png?size=50x50&set=set1
33,Germayne Lomasney,glomasneyw@go.com,https://robohash.org/laborumvoluptatemamet.png?size=50x50&set=set1
34,Killie Sopper,ksopperx@berkeley.edu,https://robohash.org/errorfugitexcepturi.png?size=50x50&set=set1
35,Galvin Dwelly,gdwellyy@bluehost.com,https://robohash.org/sedplaceatvoluptas.png?size=50x50&set=set1
36,Jolie Stourton,jstourtonz@sohu.com,https://robohash.org/voluptatemdolorequae.png?size=50x50&set=set1
37,Jamima Pretious,jpretious10@springer.com,https://robohash.org/quisquaminciduntquo.png?size=50x50&set=set1
38,Fannie O'Donnelly,fodonnelly11@europa.eu,https://robohash.org/laboreiustocommodi.png?size=50x50&set=set1
39,Merle Downham,mdownham12@boston.com,https://robohash.org/autemidautem.png?size=50x50&set=set1
40,Merilyn Thurstan,mthurstan13@storify.com,https://robohash.org/rerumsimiliqueest.png?size=50x50&set=set1
41,Tad Habens,thabens14@theguardian.com,https://robohash.org/quiutquaerat.png?size=50x50&set=set1
42,Manuel Gartsyde,mgartsyde15@istockphoto.com,https://robohash.org/quononaspernatur.png?size=50x50&set=set1
43,Dory Bice,dbice16@baidu.com,https://robohash.org/quasiestlaudantium.png?size=50x50&set=set1
44,Pearle Castiglioni,pcastiglioni17@disqus.com,https://robohash.org/eaeiusat.png?size=50x50&set=set1
45,Emmanuel Iredale,eiredale18@angelfire.com,https://robohash.org/quonecessitatibusesse.png?size=50x50&set=set1
46,Kassi Burg,kburg19@who.int,https://robohash.org/mollitiamodimolestiae.png?size=50x50&set=set1
47,Dixie Duchant,dduchant1a@msu.edu,https://robohash.org/nesciuntsintquod.png?size=50x50&set=set1
48,Antony De Vaux,ade1b@naver.com,https://robohash.org/rerumillosuscipit.png?size=50x50&set=set1
49,Cort Succamore,csuccamore1c@google.com,https://robohash.org/voluptatemharumest.png?size=50x50&set=set1
50,Deloria Jovasevic,djovasevic1d@webs.com,https://robohash.org/voluptatemquiaaut.png?size=50x50&set=set1
51,Lorenzo Ballister,lballister1e@angelfire.com,https://robohash.org/facerenecessitatibusperspiciatis.png?size=50x50&set=set1
52,Horst Greet,hgreet1f@nydailynews.com,https://robohash.org/consequunturquodrepudiandae.png?size=50x50&set=set1
53,Kassandra Theze,ktheze1g@ifeng.com,https://robohash.org/laboriosamautdistinctio.png?size=50x50&set=set1
54,Renell Silkston,rsilkston1h@360.cn,https://robohash.org/iustoeaneque.png?size=50x50&set=set1
55,Vaughan Geck,vgeck1i@mapy.cz,https://robohash.org/voluptatibusexplicabomollitia.png?size=50x50&set=set1
56,Brant Gretham,bgretham1j@discuz.net,https://robohash.org/hicetquod.png?size=50x50&set=set1
57,Park Bage,pbage1k@yolasite.com,https://robohash.org/beataedoloresvelit.png?size=50x50&set=set1
58,Andrey Shimmin,ashimmin1l@sitemeter.com,https://robohash.org/auteminvoluptatibus.png?size=50x50&set=set1
59,Gianni Ricco,gricco1m@squidoo.com,https://robohash.org/doloreligendivoluptatum.png?size=50x50&set=set1
60,Bartholomew Alenichev,balenichev1n@ted.com,https://robohash.org/dolorquiiure.png?size=50x50&set=set1
61,Franciskus Swane,fswane1o@technorati.com,https://robohash.org/essequiofficia.png?size=50x50&set=set1
62,Elvis Ellicock,eellicock1p@state.gov,https://robohash.org/consequaturtemporesit.png?size=50x50&set=set1
63,Sayre Jewise,sjewise1q@toplist.cz,https://robohash.org/harumconsequatursequi.png?size=50x50&set=set1
64,Mahala Dunbar,mdunbar1r@multiply.com,https://robohash.org/recusandaequiodit.png?size=50x50&set=set1
65,Angelo Chidwick,achidwick1s@bloglines.com,https://robohash.org/repellatenimeos.png?size=50x50&set=set1
66,Merissa McCaughey,mmccaughey1t@jalbum.net,https://robohash.org/quiseosfacere.png?size=50x50&set=set1
67,Berthe Picken,bpicken1u@hhs.gov,https://robohash.org/utnonsoluta.png?size=50x50&set=set1
68,Sarine Barrows,sbarrows1v@eventbrite.com,https://robohash.org/essedoloribusculpa.png?size=50x50&set=set1
69,Richard Steane,rsteane1w@google.com,https://robohash.org/beataequomolestiae.png?size=50x50&set=set1
70,Tome Bleasdille,tbleasdille1x@hibu.com,https://robohash.org/molestiaefugiatest.png?size=50x50&set=set1
71,Conrade Giovannini,cgiovannini1y@youtu.be,https://robohash.org/exercitationemlaborenobis.png?size=50x50&set=set1
72,Gui Edwinson,gedwinson1z@netlog.com,https://robohash.org/repellendussuscipitneque.png?size=50x50&set=set1
73,Orren Dagon,odagon20@webs.com,https://robohash.org/sequiautanimi.png?size=50x50&set=set1
74,Cathryn Wilcinskis,cwilcinskis21@mapy.cz,https://robohash.org/impeditetsunt.png?size=50x50&set=set1
75,Nelson Gyenes,ngyenes22@foxnews.com,https://robohash.org/voluptatibusquisnulla.png?size=50x50&set=set1
76,Waylen Keaveny,wkeaveny23@lulu.com,https://robohash.org/rerumiureodit.png?size=50x50&set=set1
77,Florette Runcieman,fruncieman24@bloglines.com,https://robohash.org/autemverorerum.png?size=50x50&set=set1
78,Aila Langmead,alangmead25@friendfeed.com,https://robohash.org/adaspernaturut.png?size=50x50&set=set1
79,Frayda Van der Hoeven,fvan26@paypal.com,https://robohash.org/omnisducimuscommodi.png?size=50x50&set=set1
80,Jessamine Tonbridge,jtonbridge27@trellian.com,https://robohash.org/nonetqui.png?size=50x50&set=set1
81,Minnaminnie Aplin,maplin28@thetimes.co.uk,https://robohash.org/porroharumminima.png?size=50x50&set=set1
82,Tyrone Pencost,tpencost29@icio.us,https://robohash.org/repudiandaeinciduntet.png?size=50x50&set=set1
83,Dalton O'Fallowne,dofallowne2a@princeton.edu,https://robohash.org/sitilloiste.png?size=50x50&set=set1
84,Mechelle Monger,mmonger2b@uiuc.edu,https://robohash.org/assumendautquidem.png?size=50x50&set=set1
85,Janice Hicks,jhicks2c@drupal.org,https://robohash.org/ututdignissimos.png?size=50x50&set=set1
86,Daren Bratton,dbratton2d@nature.com,https://robohash.org/nobisquisquammolestiae.png?size=50x50&set=set1
87,Stanislaw Laden,sladen2e@wordpress.com,https://robohash.org/aspernaturdoloremquecumque.png?size=50x50&set=set1
88,Ancell Rittelmeyer,arittelmeyer2f@chronoengine.com,https://robohash.org/dignissimosfugitquibusdam.png?size=50x50&set=set1
89,Myrle Pankhurst.,mpankhurst2g@cdc.gov,https://robohash.org/doloresharumexplicabo.png?size=50x50&set=set1
90,Nealy Pettit,npettit2h@jugem.jp,https://robohash.org/autnonmolestiae.png?size=50x50&set=set1
91,Gawain Hawkslee,ghawkslee2i@nationalgeographic.com,https://robohash.org/minimanatusest.png?size=50x50&set=set1
92,Tobie Deave,tdeave2j@chicagotribune.com,https://robohash.org/eaquevoluptatemet.png?size=50x50&set=set1
93,Ham McColl,hmccoll2k@guardian.co.uk,https://robohash.org/molestiasnullaqui.png?size=50x50&set=set1
94,Byron Frenzl,bfrenzl2l@mtv.com,https://robohash.org/itaqueremlibero.png?size=50x50&set=set1
95,Perceval Sapshed,psapshed2m@ebay.com,https://robohash.org/voluptatemquoset.png?size=50x50&set=set1
96,Richie Barkly,rbarkly2n@timesonline.co.uk,https://robohash.org/quisaliquidrerum.png?size=50x50&set=set1
97,Dominik Cullip,dcullip2o@vimeo.com,https://robohash.org/istevoluptatemat.png?size=50x50&set=set1
98,Gerek Playden,gplayden2p@cnn.com,https://robohash.org/quiasedad.png?size=50x50&set=set1
99,Layton Kinvig,lkinvig2q@bigcartel.com,https://robohash.org/cupiditateestearum.png?size=50x50&set=set1
100,Jackelyn Dutteridge,jdutteridge2r@macromedia.com,https://robohash.org/idtemporibusmolestiae.png?size=50x50&set=set1
101,Eugene Wrightem,ewrightem2s@etsy.com,https://robohash.org/aliquamconsecteturvoluptas.png?size=50x50&set=set1
102,Elyse Jobke,ejobke2t@com.com,https://robohash.org/inconsecteturnulla.png?size=50x50&set=set1
103,Antonino Worsfold,aworsfold2u@webnode.com,https://robohash.org/oditdoloreplaceat.png?size=50x50&set=set1
104,Merle Albon,malbon2v@google.ca,https://robohash.org/iuremaioressint.png?size=50x50&set=set1
105,Clywd Strong,cstrong2w@163.com,https://robohash.org/fugaomnisporro.png?size=50x50&set=set1
106,Sam Bonass,sbonass2x@trellian.com,https://robohash.org/laudantiumautid.png?size=50x50&set=set1
107,Deb Gunda,dgunda2y@statcounter.com,https://robohash.org/inciduntquoquos.png?size=50x50&set=set1
108,Douglass Tompion,dtompion2z@themeforest.net,https://robohash.org/doloresatipsa.png?size=50x50&set=set1
109,Beck Dillow,bdillow30@linkedin.com,https://robohash.org/autvelitet.png?size=50x50&set=set1
110,Rubi Caneo,rcaneo31@blogtalkradio.com,https://robohash.org/quoomnissequi.png?size=50x50&set=set1
111,Arlin McKnish,amcknish32@ocn.ne.jp,https://robohash.org/dolorumsedrepellendus.png?size=50x50&set=set1
112,Meredith O'Sheils,mosheils33@blogs.com,https://robohash.org/ipsumrepellendusodit.png?size=50x50&set=set1
113,Rori Scedall,rscedall34@bloomberg.com,https://robohash.org/veritatisdelenitiitaque.png?size=50x50&set=set1
114,Cornie Yakuntsov,cyakuntsov35@nps.gov,https://robohash.org/harumfugiatsed.png?size=50x50&set=set1
115,Merv Billings,mbillings36@chicagotribune.com,https://robohash.org/quodutrerum.png?size=50x50&set=set1
116,Stillmann Langfield,slangfield37@wix.com,https://robohash.org/sedeaautem.png?size=50x50&set=set1
117,Abbott Mendus,amendus38@ted.com,https://robohash.org/velsaepeaut.png?size=50x50&set=set1
118,Luci Coton,lcoton39@indiegogo.com,https://robohash.org/autconsequunturnon.png?size=50x50&set=set1
119,Kylynn Estoile,kestoile3a@shareasale.com,https://robohash.org/quisevenietsequi.png?size=50x50&set=set1
120,Lavinie Grigsby,lgrigsby3b@baidu.com,https://robohash.org/namnesciuntqui.png?size=50x50&set=set1
121,Roseanne Zamorano,rzamorano3c@gravatar.com,https://robohash.org/occaecatisedenim.png?size=50x50&set=set1
122,Brandais Capey,bcapey3d@indiatimes.com,https://robohash.org/aliquamearumeum.png?size=50x50&set=set1
123,Stephen Reah,sreah3e@wp.com,https://robohash.org/consequaturdoloremalias.png?size=50x50&set=set1
124,Harland Redsell,hredsell3f@slideshare.net,https://robohash.org/nobisquisillum.png?size=50x50&set=set1
125,Samuele Ponte,sponte3g@globo.com,https://robohash.org/autpraesentiumnostrum.png?size=50x50&set=set1
126,Chandal Loche,cloche3h@dailymail.co.uk,https://robohash.org/rerumitaquedelectus.png?size=50x50&set=set1
127,Randall Prin,rprin3i@vimeo.com,https://robohash.org/quisquasiaut.png?size=50x50&set=set1
128,Elyssa Offen,eoffen3j@printfriendly.com,https://robohash.org/erroratet.png?size=50x50&set=set1
129,Dani Walls,dwalls3k@geocities.jp,https://robohash.org/occaecatifugiatexplicabo.png?size=50x50&set=set1
130,Camala Di Biagio,cdi3l@weebly.com,https://robohash.org/aperiaminventoremolestiae.png?size=50x50&set=set1
131,Murielle Di Gregorio,mdi3m@blogger.com,https://robohash.org/etiustolaborum.png?size=50x50&set=set1
132,Brigida Wardlow,bwardlow3n@odnoklassniki.ru,https://robohash.org/voluptatemquireprehenderit.png?size=50x50&set=set1
133,Drusilla Dacca,ddacca3o@github.com,https://robohash.org/autvoluptateset.png?size=50x50&set=set1
134,Ericka McTrustey,emctrustey3p@hubpages.com,https://robohash.org/doloranimialiquam.png?size=50x50&set=set1
135,Colby Grinvalds,cgrinvalds3q@cargocollective.com,https://robohash.org/nostrumnonomnis.png?size=50x50&set=set1
136,Rivkah Randleson,rrandleson3r@shinystat.com,https://robohash.org/veliteaqui.png?size=50x50&set=set1
137,Mandy Edelston,medelston3s@reuters.com,https://robohash.org/modinobisipsa.png?size=50x50&set=set1
138,Liane Chateau,lchateau3t@dropbox.com,https://robohash.org/quasiveniamet.png?size=50x50&set=set1
139,Patrick Simmgen,psimmgen3u@microsoft.com,https://robohash.org/ametexpeditatenetur.png?size=50x50&set=set1
140,Jacynth Klimsch,jklimsch3v@apache.org,https://robohash.org/quiducimusquae.png?size=50x50&set=set1
141,Ricky Durram,rdurram3w@netscape.com,https://robohash.org/architectosedet.png?size=50x50&set=set1
142,Rosella Tute,rtute3x@auda.org.au,https://robohash.org/exercitationemexplicaboest.png?size=50x50&set=set1
143,Zachary Hamer,zhamer3y@dell.com,https://robohash.org/quiducimuset.png?size=50x50&set=set1
144,Dion De Minico,dde3z@qq.com,https://robohash.org/eumitaquesoluta.png?size=50x50&set=set1
145,Evelyn Cowlam,ecowlam40@arstechnica.com,https://robohash.org/saepeexcepturipraesentium.png?size=50x50&set=set1
146,Devlen Stockney,dstockney41@goo.gl,https://robohash.org/voluptaseligenditempore.png?size=50x50&set=set1
147,Lorette Walley,lwalley42@cocolog-nifty.com,https://robohash.org/dolornemonostrum.png?size=50x50&set=set1
148,Brice Boodell,bboodell43@creativecommons.org,https://robohash.org/atcumquequasi.png?size=50x50&set=set1
149,Jeromy Mandel,jmandel44@creativecommons.org,https://robohash.org/cumquedebitisveritatis.png?size=50x50&set=set1
150,Cobby Cutforth,ccutforth45@europa.eu,https://robohash.org/voluptatemdoloremnatus.png?size=50x50&set=set1
151,Shirl Raoux,sraoux46@statcounter.com,https://robohash.org/quiquiadolores.png?size=50x50&set=set1
152,Davidde McCauley,dmccauley47@ebay.co.uk,https://robohash.org/quaeetquia.png?size=50x50&set=set1
153,Fitzgerald Portwain,fportwain48@cbslocal.com,https://robohash.org/rerumminussint.png?size=50x50&set=set1
154,Lombard Andree,landree49@reverbnation.com,https://robohash.org/sequiautema.png?size=50x50&set=set1
155,Alexis Giriardelli,agiriardelli4a@blogtalkradio.com,https://robohash.org/quisiddolore.png?size=50x50&set=set1
156,Rene Maffeo,rmaffeo4b@cmu.edu,https://robohash.org/sintutrepellat.png?size=50x50&set=set1
157,Ruthe Metterick,rmetterick4c@nymag.com,https://robohash.org/illoameteius.png?size=50x50&set=set1
158,Gerty Dyde,gdyde4d@skyrock.com,https://robohash.org/minusautcommodi.png?size=50x50&set=set1
159,Wiatt Downing,wdowning4e@google.it,https://robohash.org/esteumvoluptas.png?size=50x50&set=set1
160,Jorie Brecher,jbrecher4f@omniture.com,https://robohash.org/recusandaeetut.png?size=50x50&set=set1
161,Nikoletta Cridlon,ncridlon4g@hud.gov,https://robohash.org/etteneturaliquid.png?size=50x50&set=set1
162,Roobbie Volett,rvolett4h@youtu.be,https://robohash.org/minimanihilconsequatur.png?size=50x50&set=set1
163,Margeaux Gaywood,mgaywood4i@stumbleupon.com,https://robohash.org/quiremdistinctio.png?size=50x50&set=set1
164,Charissa Tingle,ctingle4j@yolasite.com,https://robohash.org/etsapienteesse.png?size=50x50&set=set1
165,Shaun Brunone,sbrunone4k@nydailynews.com,https://robohash.org/utquisquasi.png?size=50x50&set=set1
166,Lars Vankeev,lvankeev4l@facebook.com,https://robohash.org/errorautemminus.png?size=50x50&set=set1
167,Lotte Voice,lvoice4m@canalblog.com,https://robohash.org/voluptatesfugiatvel.png?size=50x50&set=set1
168,Ced Besantie,cbesantie4n@samsung.com,https://robohash.org/pariaturdignissimosatque.png?size=50x50&set=set1
169,Kira Rahl,krahl4o@mozilla.org,https://robohash.org/consecteturquiaoccaecati.png?size=50x50&set=set1
170,Byrom Proud,bproud4p@usa.gov,https://robohash.org/idvoluptatemin.png?size=50x50&set=set1
171,Ogdon Instrell,oinstrell4q@springer.com,https://robohash.org/inoccaecatiesse.png?size=50x50&set=set1
172,Jaime Pepperell,jpepperell4r@gizmodo.com,https://robohash.org/earumrerumfugit.png?size=50x50&set=set1
173,Dougy Commander,dcommander4s@independent.co.uk,https://robohash.org/suntessenon.png?size=50x50&set=set1
174,Chan Squeers,csqueers4t@tamu.edu,https://robohash.org/quivelitnisi.png?size=50x50&set=set1
175,Birdie Clouter,bclouter4u@bloomberg.com,https://robohash.org/voluptasnisifuga.png?size=50x50&set=set1
176,Davita Wadley,dwadley4v@reverbnation.com,https://robohash.org/ametetqui.png?size=50x50&set=set1
177,Ryan Dabnor,rdabnor4w@hc360.com,https://robohash.org/exercitationemquisquo.png?size=50x50&set=set1
178,Halsey Chalke,hchalke4x@i2i.jp,https://robohash.org/veritatisnihilqui.png?size=50x50&set=set1
179,Katrinka Grocutt,kgrocutt4y@multiply.com,https://robohash.org/deseruntundenihil.png?size=50x50&set=set1
180,Bradney Lycett,blycett4z@etsy.com,https://robohash.org/autquibusdamdolorum.png?size=50x50&set=set1
181,Jeana Pomeroy,jpomeroy50@accuweather.com,https://robohash.org/atquetemporibusnatus.png?size=50x50&set=set1
182,Chevalier Grinnikov,cgrinnikov51@symantec.com,https://robohash.org/nihilfugaatque.png?size=50x50&set=set1
183,Thorstein Voak,tvoak52@barnesandnoble.com,https://robohash.org/illumeumcorporis.png?size=50x50&set=set1
184,Halsy Hubball,hhubball53@behance.net,https://robohash.org/quistotamillo.png?size=50x50&set=set1
185,Carlynne Basill,cbasill54@eventbrite.com,https://robohash.org/doloretotamodio.png?size=50x50&set=set1
186,Johnath Elleray,jelleray55@biglobe.ne.jp,https://robohash.org/architectoundecorporis.png?size=50x50&set=set1
187,Hubie Orniz,horniz56@cnet.com,https://robohash.org/laborumquasiillo.png?size=50x50&set=set1
188,Lewie Paulton,lpaulton57@infoseek.co.jp,https://robohash.org/recusandaeeiushic.png?size=50x50&set=set1
189,Vivyanne Simonsen,vsimonsen58@earthlink.net,https://robohash.org/etautemquia.png?size=50x50&set=set1
190,Lanni Mesnard,lmesnard59@yolasite.com,https://robohash.org/remvelaccusantium.png?size=50x50&set=set1
191,Twila Schulze,tschulze5a@shinystat.com,https://robohash.org/nostrumtemporamaxime.png?size=50x50&set=set1
192,Durward Stelfox,dstelfox5b@webmd.com,https://robohash.org/iurerationeperferendis.png?size=50x50&set=set1
193,Mara Lukianov,mlukianov5c@nps.gov,https://robohash.org/illumvoluptatemiste.png?size=50x50&set=set1
194,Fidole Cometti,fcometti5d@blogs.com,https://robohash.org/rationereiciendissed.png?size=50x50&set=set1
195,Pauli Tupling,ptupling5e@gizmodo.com,https://robohash.org/estquisquamut.png?size=50x50&set=set1
196,Elizabet Ramsted,eramsted5f@ihg.com,https://robohash.org/quiveritatisasperiores.png?size=50x50&set=set1
197,Linda Foskew,lfoskew5g@foxnews.com,https://robohash.org/totamdoloresdolores.png?size=50x50&set=set1
198,Mozes Jahan,mjahan5h@addthis.com,https://robohash.org/atsedesse.png?size=50x50&set=set1
199,Lily Wedon,lwedon5i@booking.com,https://robohash.org/voluptatemsedullam.png?size=50x50&set=set1
200,Shepherd Ferran,sferran5j@hatena.ne.jp,https://robohash.org/laborumutsaepe.png?size=50x50&set=set1
201,Parrnell Ivashin,pivashin5k@census.gov,https://robohash.org/explicabomodiex.png?size=50x50&set=set1
202,Riane Boutton,rboutton5l@123-reg.co.uk,https://robohash.org/nequearchitectoaut.png?size=50x50&set=set1
203,Stanley Bingley,sbingley5m@cocolog-nifty.com,https://robohash.org/undeetaut.png?size=50x50&set=set1
204,Leontyne Evangelinos,levangelinos5n@nba.com,https://robohash.org/utconsequunturperferendis.png?size=50x50&set=set1
205,Vassili Gorringe,vgorringe5o@mediafire.com,https://robohash.org/rerumexcepturiperspiciatis.png?size=50x50&set=set1
206,Zeke Finder,zfinder5p@ebay.com,https://robohash.org/aliasetaut.png?size=50x50&set=set1
207,Karney Elderton,kelderton5q@slate.com,https://robohash.org/hiccommodirepellat.png?size=50x50&set=set1
208,Janifer De Maria,jde5r@ted.com,https://robohash.org/earumcorporisdelectus.png?size=50x50&set=set1
209,Kip Vlach,kvlach5s@google.com.hk,https://robohash.org/temporaadnihil.png?size=50x50&set=set1
210,Babara Farney,bfarney5t@typepad.com,https://robohash.org/seddoloremqueofficia.png?size=50x50&set=set1
211,Lauri Saer,lsaer5u@smugmug.com,https://robohash.org/errorodioet.png?size=50x50&set=set1
212,Artemus Rodrig,arodrig5v@sbwire.com,https://robohash.org/autatqueassumenda.png?size=50x50&set=set1
213,Alysa Werendell,awerendell5w@sciencedirect.com,https://robohash.org/quidelenitiexpedita.png?size=50x50&set=set1
214,Ruby Larne,rlarne5x@prnewswire.com,https://robohash.org/suscipitcorporisanimi.png?size=50x50&set=set1
215,Quintus Romei,qromei5y@hubpages.com,https://robohash.org/officiaullamaut.png?size=50x50&set=set1
216,Wiatt Brightey,wbrightey5z@baidu.com,https://robohash.org/repudiandaerepellendussed.png?size=50x50&set=set1
217,Sheffy Harold,sharold60@stumbleupon.com,https://robohash.org/explicabosolutapraesentium.png?size=50x50&set=set1
218,Erwin Boles,eboles61@nba.com,https://robohash.org/utidqui.png?size=50x50&set=set1
219,Samuele Maxfield,smaxfield62@mapquest.com,https://robohash.org/totamlaborumet.png?size=50x50&set=set1
220,Cordell Pampling,cpampling63@economist.com,https://robohash.org/repellendusullamconsequatur.png?size=50x50&set=set1
221,Vikky Lucio,vlucio64@wunderground.com,https://robohash.org/omnisdeseruntat.png?size=50x50&set=set1
222,Tova Whewell,twhewell65@pbs.org,https://robohash.org/estmolestiaedebitis.png?size=50x50&set=set1
223,Haskell Ridsdell,hridsdell66@ameblo.jp,https://robohash.org/voluptatumcommodiitaque.png?size=50x50&set=set1
224,Nicoline Hammerson,nhammerson67@wordpress.org,https://robohash.org/nihileadicta.png?size=50x50&set=set1
225,Carolynn McVee,cmcvee68@so-net.ne.jp,https://robohash.org/teneturconsequaturalias.png?size=50x50&set=set1
226,Lory Cisar,lcisar69@360.cn,https://robohash.org/inomnisvoluptas.png?size=50x50&set=set1
227,Sebastien Rimer,srimer6a@cisco.com,https://robohash.org/ipsummaioresea.png?size=50x50&set=set1
228,Silvanus Lorne,slorne6b@statcounter.com,https://robohash.org/quisquamsuntcupiditate.png?size=50x50&set=set1
229,Meryl Kalker,mkalker6c@hostgator.com,https://robohash.org/corporisutarchitecto.png?size=50x50&set=set1
230,Benedetta Morter,bmorter6d@spotify.com,https://robohash.org/consequunturpariaturbeatae.png?size=50x50&set=set1
231,Tabbitha McQuorkel,tmcquorkel6e@webs.com,https://robohash.org/distinctiovoluptatemquasi.png?size=50x50&set=set1
232,Joice Mosley,jmosley6f@mapy.cz,https://robohash.org/iustoaeos.png?size=50x50&set=set1
233,Frans Yashaev,fyashaev6g@eepurl.com,https://robohash.org/maximecorruptisit.png?size=50x50&set=set1
234,Lorenza Blanket,lblanket6h@flickr.com,https://robohash.org/distinctioofficiisunde.png?size=50x50&set=set1
235,Nicolas Hazell,nhazell6i@miibeian.gov.cn,https://robohash.org/architectosintpraesentium.png?size=50x50&set=set1
236,Farly Medina,fmedina6j@bbc.co.uk,https://robohash.org/nihilidmaxime.png?size=50x50&set=set1
237,Cortie Pernell,cpernell6k@linkedin.com,https://robohash.org/debitisaperiamsit.png?size=50x50&set=set1
238,Shirlene Dionsetto,sdionsetto6l@gizmodo.com,https://robohash.org/corruptiomnisest.png?size=50x50&set=set1
239,Larine Camplen,lcamplen6m@privacy.gov.au,https://robohash.org/providentautvoluptates.png?size=50x50&set=set1
240,Denny Sleigh,dsleigh6n@facebook.com,https://robohash.org/quasrecusandaeconsequatur.png?size=50x50&set=set1
241,Godfry Durnford,gdurnford6o@jugem.jp,https://robohash.org/voluptatumaccusamusprovident.png?size=50x50&set=set1
242,Marybeth Lembrick,mlembrick6p@reference.com,https://robohash.org/laboreverodebitis.png?size=50x50&set=set1
243,Maurie Sibyllina,msibyllina6q@bbc.co.uk,https://robohash.org/hicvelittotam.png?size=50x50&set=set1
244,Douglass Leah,dleah6r@goodreads.com,https://robohash.org/etutdeleniti.png?size=50x50&set=set1
245,Tabbie Larvent,tlarvent6s@w3.org,https://robohash.org/consequaturvelitfugiat.png?size=50x50&set=set1
246,Corina Rahl,crahl6t@hud.gov,https://robohash.org/nostrumdoloreplaceat.png?size=50x50&set=set1
247,Sydel Cheston,scheston6u@gizmodo.com,https://robohash.org/voluptasconsequaturea.png?size=50x50&set=set1
248,Joni Bearman,jbearman6v@dion.ne.jp,https://robohash.org/quisdolorenon.png?size=50x50&set=set1
249,Tobye Rapkins,trapkins6w@bandcamp.com,https://robohash.org/repellattemporalaboriosam.png?size=50x50&set=set1
250,Brandtr Grigoriev,bgrigoriev6x@narod.ru,https://robohash.org/doloraliasdolorem.png?size=50x50&set=set1
251,Woodie Lelliott,wlelliott6y@sphinn.com,https://robohash.org/quiarationeeaque.png?size=50x50&set=set1
252,Anestassia Castilla,acastilla6z@mysql.com,https://robohash.org/sedminimaexpedita.png?size=50x50&set=set1
253,Graeme Pelzer,gpelzer70@hud.gov,https://robohash.org/idevenietrecusandae.png?size=50x50&set=set1
254,Guthrie Beach,gbeach71@friendfeed.com,https://robohash.org/etessevero.png?size=50x50&set=set1
255,Rasia Petzold,rpetzold72@google.com.br,https://robohash.org/quisdoloreest.png?size=50x50&set=set1
256,Jourdain Vant,jvant73@xing.com,https://robohash.org/odioeiusitaque.png?size=50x50&set=set1
257,Stacy Lubeck,slubeck74@mapquest.com,https://robohash.org/nonsimiliqueprovident.png?size=50x50&set=set1
258,Mara Bolt,mbolt75@weather.com,https://robohash.org/reiciendisprovidentet.png?size=50x50&set=set1
259,Durand Verecker,dverecker76@jalbum.net,https://robohash.org/quosedvoluptas.png?size=50x50&set=set1
260,Amargo Gauld,agauld77@wisc.edu,https://robohash.org/nihilquiquaerat.png?size=50x50&set=set1
261,Edouard Halliberton,ehalliberton78@indiatimes.com,https://robohash.org/consequatureadolorum.png?size=50x50&set=set1
262,Hendrick Seide,hseide79@tmall.com,https://robohash.org/estestin.png?size=50x50&set=set1
263,Gilly Elliss,gelliss7a@tiny.cc,https://robohash.org/repellendusabfacere.png?size=50x50&set=set1
264,Travers Santori,tsantori7b@mapy.cz,https://robohash.org/veldolornon.png?size=50x50&set=set1
265,Janaye Malpass,jmalpass7c@slate.com,https://robohash.org/asperioreseligendiquia.png?size=50x50&set=set1
266,Shelden Tubble,stubble7d@answers.com,https://robohash.org/vitaedignissimosquasi.png?size=50x50&set=set1
267,Auberon Caudrelier,acaudrelier7e@spotify.com,https://robohash.org/quiabamet.png?size=50x50&set=set1
268,Shaun Malthus,smalthus7f@addthis.com,https://robohash.org/quiaipsaconsequatur.png?size=50x50&set=set1
269,Gwenora Wymer,gwymer7g@baidu.com,https://robohash.org/rerumdoloribusexcepturi.png?size=50x50&set=set1
270,Waverly MacKellar,wmackellar7h@yahoo.com,https://robohash.org/quiaillumneque.png?size=50x50&set=set1
271,Brenna Fieldsend,bfieldsend7i@devhub.com,https://robohash.org/auteaquequi.png?size=50x50&set=set1
272,Raleigh Magwood,rmagwood7j@prweb.com,https://robohash.org/nesciuntdoloresvoluptatem.png?size=50x50&set=set1
273,Darb Ricardot,dricardot7k@hexun.com,https://robohash.org/involuptasquia.png?size=50x50&set=set1
274,Marissa Signori,msignori7l@army.mil,https://robohash.org/etminusrerum.png?size=50x50&set=set1
275,Jacquelynn Domek,jdomek7m@istockphoto.com,https://robohash.org/remdolorumipsa.png?size=50x50&set=set1
276,Lira Dunnaway,ldunnaway7n@printfriendly.com,https://robohash.org/adquimollitia.png?size=50x50&set=set1
277,Cull MacCafferky,cmaccafferky7o@freewebs.com,https://robohash.org/asperioresullamsapiente.png?size=50x50&set=set1
278,Tammie Nickels,tnickels7p@army.mil,https://robohash.org/hicautblanditiis.png?size=50x50&set=set1
279,Lavena Haspineall,lhaspineall7q@jugem.jp,https://robohash.org/consequaturistequaerat.png?size=50x50&set=set1
280,Bengt Oglethorpe,boglethorpe7r@wunderground.com,https://robohash.org/doloraccusamusdelectus.png?size=50x50&set=set1
281,Shellie Frise,sfrise7s@dion.ne.jp,https://robohash.org/veritatisfacilisadipisci.png?size=50x50&set=set1
282,Jeremy Popple,jpopple7t@biblegateway.com,https://robohash.org/nemosimiliqueid.png?size=50x50&set=set1
283,Kristian Colquete,kcolquete7u@over-blog.com,https://robohash.org/porroeaquidem.png?size=50x50&set=set1
284,Selle Pouton,spouton7v@baidu.com,https://robohash.org/sitautemdignissimos.png?size=50x50&set=set1
285,Saunder Skudder,sskudder7w@marketwatch.com,https://robohash.org/quoautdelectus.png?size=50x50&set=set1
286,Dana Hammer,dhammer7x@nba.com,https://robohash.org/totamblanditiisrepellendus.png?size=50x50&set=set1
287,Garwood Solano,gsolano7y@stumbleupon.com,https://robohash.org/delectusinmolestias.png?size=50x50&set=set1
288,Xever Durham,xdurham7z@ucla.edu,https://robohash.org/namcupiditatererum.png?size=50x50&set=set1
289,Milzie Gouley,mgouley80@gnu.org,https://robohash.org/quaenihilest.png?size=50x50&set=set1
290,Gram Asif,gasif81@themeforest.net,https://robohash.org/numquamautatque.png?size=50x50&set=set1
291,Liesa Detoc,ldetoc82@umn.edu,https://robohash.org/voluptatumofficiaaut.png?size=50x50&set=set1
292,Dominica Askell,daskell83@google.com.au,https://robohash.org/ipsumetperferendis.png?size=50x50&set=set1
293,Gerik Skakunas,gskakunas84@51.la,https://robohash.org/quiabquia.png?size=50x50&set=set1
294,Elberta Tolefree,etolefree85@blogspot.com,https://robohash.org/idpraesentiumtenetur.png?size=50x50&set=set1
295,Gilly Gillogley,ggillogley86@soup.io,https://robohash.org/explicaboporroreprehenderit.png?size=50x50&set=set1
296,Kristin Philbrick,kphilbrick87@ucoz.ru,https://robohash.org/magnameumlibero.png?size=50x50&set=set1
297,Rici Mayo,rmayo88@sakura.ne.jp,https://robohash.org/enimeumdignissimos.png?size=50x50&set=set1
298,Letta Brugsma,lbrugsma89@geocities.com,https://robohash.org/nontemporeat.png?size=50x50&set=set1
299,Sarine Bauldry,sbauldry8a@biblegateway.com,https://robohash.org/namquoseum.png?size=50x50&set=set1
300,Teodora Cannop,tcannop8b@ezinearticles.com,https://robohash.org/idvoluptasdelectus.png?size=50x50&set=set1
